Michael Jackson,Pop
Madonna,Pop
Prince,Pop
Britney Spears,Pop
Taylor Swift,Pop
Ariana Grande,Pop
Lady Gaga,Pop
Justin Bieber,Pop
Adele,Pop
Elvis Presley,Pop
The Beatles,Rock
The Rolling Stones,Rock
Led Zeppelin,Rock
Pink Floyd,Rock
Queen,Rock
Nirvana,Rock
U2,Rock
AC/DC,Rock
Metallica,Rock
Tupac Shakur,Hip-Hop
The Notorious B.I.G.,Hip-Hop
Jay-Z,Hip-Hop
Eminem,Hip-Hop
Kendrick Lamar,Hip-Hop
Drake,Hip-Hop
Nas,Hip-Hop
Kanye West,Hip-Hop
Outkast,Hip-Hop
Daft Punk,Electronic
Calvin Harris,Electronic
David Guetta,Electronic
Tiesto,Electronic
Deadmau5,Electronic
Skrillex,Electronic
The Chemical Brothers,Electronic
Avicii,Electronic
Kraftwerk,Electronic
Stevie Wonder,R&B
Marvin Gaye,R&B
Aretha Franklin,R&B
Luther Vandross,R&B
Usher,R&B
Alicia Keys,R&B
Beyonce,R&B
Boyz II Men,R&B
Rihanna,R&B
Johnny Cash,Country
Dolly Parton,Country
Willie Nelson,Country
Garth Brooks,Country
George Strait,Country
Hank Williams,Country
Patsy Cline,Country
Shania Twain,Country
Carrie Underwood,Country
Miles Davis,Jazz
John Coltrane,Jazz
Louis Armstrong,Jazz
Duke Ellington,Jazz
Charlie Parker,Jazz
Ella Fitzgerald,Jazz
Billie Holiday,Jazz
Thelonious Monk,Jazz
Herbie Hancock,Jazz
Ludwig van Beethoven,Classical
Wolfgang Amadeus Mozart,Classical
Johann Sebastian Bach,Classical
Frederic Chopin,Classical
Pyotr Ilyich Tchaikovsky,Classical
Antonio Vivaldi,Classical
George Frideric Handel,Classical
Johannes Brahms,Classical
Claude Debussy,Classical
Bob Marley,Reggae
Peter Tosh,Reggae
Jimmy Cliff,Reggae
Toots and the Maytals,Reggae
Burning Spear,Reggae
Shaggy,Reggae
Sean Paul,Reggae
Damian Marley,Reggae
Ziggy Marley,Reggae
Shakira,Latin
Bad Bunny,Latin
J Balvin,Latin
Ricky Martin,Latin
Selena,Latin
Juanes,Latin
Marc Anthony,Latin
Daddy Yankee,Latin
Romeo Santos,Latin
Umm Kulthum,Middle Eastern / International
Fairuz,Middle Eastern / International
Amr Diab,Middle Eastern / International
Abdel Halim Hafez,Middle Eastern / International
Cheb Khaled,Middle Eastern / International
Rachid Taha,Middle Eastern / International
Ofra Haza,Middle Eastern / International
Nusrat Fateh Ali Khan,Middle Eastern / International
Ravi Shankar,Middle Eastern / International
Rosa Cedron,Latin
HAUSER,Classical
Yunchan Lim,Classical
Az√∫car Moreno,Latin
"24kGoldn ft. Justin Bieber, J Balvin & iann dior",Pop
40 Grados,Latin
Abel Pintos,Latin
639Hz LOVE PEACE MIRACLES Heal Heart Chakra Pure Positive Energy,Electronic / EDM
ABBA,Pop
Adrian Salva Fran,Middle Eastern / International
4 Non Blondes,Rock
Academy of ancient music,Classical
2CELLOS,Classical
Aerosmith,Rock
5 Seconds of Summer,Pop
ABC Classic,Classical
3 Doors Down,Rock
ACRAZE,Electronic / EDM
7clouds,Electronic / EDM
